name;steps;h;total_ms;per_step_us;rk4_ms;deriv_ms;exp_ms;io_ms
Small;100;0.100000;0.423600;4.236000;0.060000;0.015600;0.011500;0.305400
Medium;1000;0.010000;2.794200;2.794200;0.407100;0.103300;0.074700;2.005100
Large;100000;0.001000;251.612100;2.516121;34.423500;8.913200;6.127900;183.646800
